原文,譯文,備註
"(턴 당 1회)","(每回合最多1次)",""
"(턴 당 2회)","(每回合最多2次)",""
"(턴 당 3회)","(每回合最多3次)",""
"(턴 당 5회)","(每回合最多5次)",""
"11조 2항 부칙 3에 의거하여","根據<公司守則> 第11章第2段附錄3，應當將其歸類為****的附屬異想體。",""
"11조 2항에 의거하여","根據<公司守則>第11章第2段，應該將其歸類為異想體。",""
"16구","16區",""
"1:1 전력","決鬥擔當",""
"1호선","1號線",""
"20구","20區",""
"20번구의 기적","20區的奇跡",""
"2호선","2號線",""
"3호선","3號線",""
"4번째 성냥불","終末火柴之光",""
"4호선","4號線",""
"7대 패밀리","七大家族",""
"8구","8區",""
"Abraxas","阿布拉克薩斯",""
"D사","D公司",""
"E.G.O","E.G.O",""
"E.G.O 기프트","E.G.O飾品",""
"E.G.O 발동","E.G.O覺醒",""
"E.G.O 스킬 제외","不包括E.G.O技能",""
"E.G.O 자원","E.G.O資源",""
"E.G.O 자원 획득량 +","E.G.O資源獲取量提升",""
"E.G.O 침식","E.G.O侵蝕",""
"E.G.O 폭주 발동","E.G.O失控",""
"E.G.O 해방","E.G.O解放",""
"E.G.O침식","E.G.O侵蝕",""
"Full Moon","滿月",""
"G사","G公司",""
"HP","體力值",""
"HP탄","HP彈",""
"H사","H公司",""
"J사","J公司",""
"K사","K公司",""
"K사 식량자원개량부","K公司 糧食資源改良部門",""
"K사 앰플","K公司的安瓿",""
"K사 연구소","K公司研究所",""
"K사 연구실","K公司研究室",""
"LCA특작팀","LCA特戰小組",""
"LCB","LCB",""
"LCB 정기검진","LCB定期體檢",""
"LCE 기밀 유지 조항에 따라 검열됨","已根據LCE保密條例編輯",""
"L사","L公司",""
"M사","M公司",""
"N사","N公司",""
"N사의 못","N公司的尖釘",""
"P사","P公司",""
"Q사","Q公司",""
"R사","R公司",""
"SP","理智值",""
"S사","S公司",""
"T사","T公司",""
"U사","U公司",""
"W사","W公司",""
"W사 정리요원","W公司 清掃人員",""
"X사","X公司",""
"[데이터 접근을 위해 상위 보안 등급 인증이 필요합니다.]","[需要更高級別權限以訪問數據]",""
"[묘]","[卯]",""
"セコンド","二級",""
"가드","防御",""
"가람대","賈藍隊",""
"가령","賈菱",""
"가마","轎子",""
"가면키호테","堂吉訶德",""
"가모","賈母/家母",""
"가문","家族",""
"가보옥","賈寶玉",""
"가사 보조 모듈","家政輔助模塊",""
"가스하푼","燃氣捕鯨叉",""
"가시","荊棘",""
"가시춘","賈惜春",""
"가씨 가문","賈家",""
"가오리 철판 해물 집","鐵板鰩魚海鮮燒烤店",""
"가원춘","賈元春",""
"가정","賈政",""
"가주","家主",""
"가주 대전","家主之爭",""
"가주 선발","家主選拔",""
"가주 심사","家主評審",""
"가주 후보","家主候選人",""
"가중치","容量",""
"가지고 있다면","若？？帶有XX 。",""
"가치우","賈丘",""
"가하는 피해량","造成的傷害",""
"가호","加護/恩惠",""
"가환","賈環",""
"각오","覺悟",""
"간이 보존 붕대","簡易保存繃帶",""
"간절한 성과","懇切的成就",""
"갈증","饑渴",""
"감독 사서","首席管理員",""
"감사직 직원","監察人員",""
"감사합니다. 지금부터 변동 가능성을 가진 최대 12시간의 수면 및 휴식을 시작합니다. 좋은","謝謝。從現在開始，你們最多有12個小時可供睡眠和休息，時間可能會有所變動。祝各位有個美好的夜晚。",""
"감상실","放映室",""
"감싸는 액체","液膜",""
"감전","感電",""
"갑룡","甲龍",""
"강박","強迫",""
"강요된 무게","強壓的重擔",""
"강제공양","強制供奉",""
"강해진 닭","變強的雞",""
"강호유람기","江湖遊記",""
"강화","強化",""
"강화 문신","強化紋身",""
"강화인간","改造人",""
"개념 소각기에 내","概念焚化爐",""
"개념소각기","概念焚化爐",""
"개방 조건","解鎖條件",""
"개새끼","狗雜種",""
"개화","綻放 / 開花",""
"개화 E.G.O","綻放E.G.O",""
"객잔","客棧",""
"갱단","黑幫",""
"거.대","蜘・頭",""
"거대한 장식 꾸러미","巨大裝飾品包裹",""
"거미봉오리","蜘蛛蕾",""
"거미줄","蜘蛛絲 / 蜘蛛網",""
"거미집","蜘蛛巢",""
"거수자","舉異者",""
"거역할 수 없는 명령","不可抗拒的命令",""
"거울 기술","鏡子技術",""
"거울 던전","鏡像迷宮",""
"거울 세계","鏡像世界",""
"거울 촉각 공감각","鏡觸覺通感",""
"거울굴절철도","折射軌道",""
"거울의 거울 - 3층","鏡中之鏡 - 第三層",""
"거울의 거울 - 4층","鏡中之鏡 - 第四層",""
"거울의 거울 - 5층","鏡中之鏡 - 第五層",""
"거짓 사과","假蘋果",""
"거친 호흡","粗重喘息",""
"건틀릿","護手",""
"걸린","帶有",""
"걸어다니는 봉이닭","小鳳小鳳到處走動",""
"검계","劍契組",""
"검계 살수","劍契組 殺手",""
"검계 조직원","劍契組 成員",""
"검귀","劍鬼",""
"검은 장부","黑色賬簿",""
"검은 장부 선택지","黑色賬簿選項",""
"검지","食指",""
"게릴라 부대","遊擊隊",""
"게부라","Gebura",""
"게이지","計量表",""
"게젤샤프트","Gesellschaft",""
"격리구역","收容區",""
"격리실","收容單元",""
"견딤","耐性",""
"결박","捆縛",""
"결의","決意",""
"결투 선포","決鬥宣告",""
"결항","停運",""
"경도","輕逃",""
"경멸, 경외","輕蔑，敬畏",""
"경멸의 나선","輕蔑螺旋",""
"경외심","敬畏",""
"경혈식","硬血",""
"경화 혈액","硬化血液",""
"계약","合同/契約",""
"고","膏",""
"고기 톱니","血肉齒輪",""
"고목 함정","古木陷阱",""
"고속분쇄탄","高速粉碎彈",""
"고양","昂揚",""
"고요함","大靜謐",""
"고정 피해","固定傷害",""
"곤돌라","座艙",""
"곧 피어날 꽃","即將綻放的花",""
"골목파수견","巷頭惡犬",""
"곱하기 코인 강화","乘算硬幣強化",""
"곱하기 코인 약화","乘算硬幣弱化",""
"공가","孔家",""
"공격","攻擊",""
"공격 가중치","攻擊容量",""
"공격 레벨","攻擊等級",""
"공격 레벨 감소","攻擊等級降低",""
"공격 레벨 증가","攻擊等級提升",""
"공격 스킬","攻擊技能",""
"공격 시작","進行攻擊",""
"공격 위력 감소","虛弱",""
"공격 위력 증가","強壯",""
"공격 적중 시","攻擊命中時",""
"공격 종료 시","攻擊結束後",""
"공멸일","孔家滅門之日",""
"공명 굽쇠","共鳴音叉",""
"공방","工坊",""
"공사혜","孔思晦",""
"공씨 가문","孔家",""
"공우진","孔佑晉",""
"공인 무도 대련장","公認武鬥對練場",""
"공진","共振",""
"공치우","孔丘",""
"공허한 영예","空虛的榮譽",""
"공허함","空虛",""
"과도한 열정","熱情過盛",""
"과잉 회복","過量恢覆",""
"과제","課題",""
"관","棺",""
"관리자","執行經理/經理/主管",""
"관리자 님께서 명하신 사후보고를 수행하겠습니다","按執行經理要求進行事後報告。",""
"관찰단계","觀察等級",""
"관찰한 결과를 소회토록 하겠소","我將會在下文中描述它給我留下的印象。",""
"관측","觀測",""
"관통","突刺",""
"관통 내성 강화","突刺抗性強化",""
"관통 내성 약화","突刺抗性弱化",""
"관통 보호","突刺守護",""
"관통 위력 감소","突刺威力降低",""
"관통 위력 증가","突刺威力提升",""
"관통 취약","突刺易損",""
"관통 피해량 감소","突刺傷害弱化",""
"관통 피해량 증가","突刺傷害強化",""
"관통탄을","貫穿彈",""
"광기","狂氣",""
"광란","狂暴",""
"광석병","礦石病",""
"광신","狂信",""
"광역 공격","群體攻擊",""
"광역 스킬","群體技能",""
"광인 (사기 저하)","瘋狂（士氣低落）",""
"광인 (패닉)","瘋狂（陷入恐慌）",""
"광전","光電",""
"교본","教材",""
"교육팀","培訓部",""
"구 L사","舊L公司",""
"구름마을","雲之鎮",""
"구멍 고래","孔穴鯨",""
"구멍 손바닥 고래","穴掌鯨",""
"구멍난 기억","洞穿的記憶",""
"구보","仇甫",""
"구속하는 리본","縛身絲帶",""
"구인회","九人會",""
"굳게 쥔 상","緊握的雕像",""
"굴절된","折射的",""
"굶주림","饑餓",""
"권속","眷屬",""
"권태","倦怠",""
"귀도","圭多",""
"귀신 들린 신발","鬼附鞋",""
"규율","紀律",""
"그것과 조우하고 얻은 정보를 기록합니다","記錄遭遇該實體時收集到的信息。",""
"그것과의 전투에서 얻은 정보를 기록합니다","記錄與該實體戰鬥時獲得的信息。",""
"그것의 변화 양상을 전부 관찰하였습니다","觀測到該實體的全部變化。",""
"그란파로","格蘭法洛",""
"그레고르","格里高爾",""
"그렉","格雷格",""
"극독성 외피","劇毒外皮",""
"근무용 통상 배터리","標準負荷電池",""
"글라디우스","羅馬短劍",""
"금기 사냥꾼","禁忌獵人",""
"금화","金幣",""
"기계 숙청의 날","機械肅清之日",""
"기계 융화 생명체","機械融合生命體",""
"기록관","史官",""
"기물","器物",""
"기밀서류","機密文件",""
"기본 위력","基礎威力",""
"기본 위력 +1","則使本技能的基礎威力+1",""
"기본 위력 증가","基礎威力提升",""
"기사 양반","司機小妹",""
"기사의 피와 뼈","騎士骨血",""
"기술 해방 연합","技術解放聯盟",""
"기술청","技術局",""
"기술해방연합","技術解放聯盟",""
"기여권 분산경매제","貢獻權分散競拍制",""
"기프트","飾品",""
"긴급 시술","緊急手術",""
"길 잃은 승객","迷失的乘客",""
"길잡이","向導",""
"김삿갓","金笠",""
"깊게 베인 상처","深度裂傷",""
"까마귀","烏鴉",""
"까미유","卡米爾",""
"껍데기","殼",""
"꼬맹이","小不點/小家夥",""
"꼬미","可米",""
"꿀밤","腦瓜崩",""
"꿈결의 거울","夢中之鏡",""
"꿈먹는 탁류","噬夢的濁流",""
"꿈이 끝나는","夢之終焉",""
"끈","紡錘",""
"끈적거리는 진액","黏性淤漿",""
"끈적임","黏稠",""
"나긋한 배웅","惜別",""
"나누어 부여","增加共計n級XX 強度",""
"나리","老爺",""
"나무 인형","木頭人",""
"나미르","納米爾",""
"나비","蝶",""
"나쁨","差",""
"나침반","羅盤",""
"나태","怠惰",""
"나태 내성 강화","怠惰抗性強化",""
"나태 내성 약화","怠惰抗性弱化",""
"나태 보호","怠惰守護",""
"나태 위력 감소","怠惰威力降低",""
"나태 위력 증가","怠惰威力提升",""
"나태 취약","怠惰易損",""
"나태 피해량 감소","怠惰傷害弱化",""
"나태 피해량 증가","怠惰傷害強化",""
"난향오","暖香塢",""
"날개","翼",""
"날개 전쟁","翼際戰爭",""
"날개전쟁","翼際戰爭",""
"날갯짓","翅振",""
"낡은","陳舊的",""
"낡은 목각 인형","陳舊的木雕人偶",""
"낭술회","朗術會",""
"내성","抵抗/抗性",""
"내성 감소","抗性弱化",""
"내성 증가","抗性強化",""
"네뷸라이저","霧化吸入器",""
"네스터","涅斯托爾",""
"네잎클로버","四葉草",""
"네짜흐","Netzach",""
"넬리","耐莉",""
"노.잼.","無・聊",""
"노동자","工人",""
"노란작살","蜜黃標槍",""
"노랑머리","黃毛",""
"노설암","蘆雪庵",""
"노쇠","衰老",""
"노움","諾姆",""
"녹빛 겉날개","綠色鞘翅",""
"녹빛 여명","綠色的黎明",""
"녹색 점액","綠色黏液",""
"녹슨","銹蝕的",""
"녹슨 기념 주화","銹蝕的紀念幣",""
"녹아내린","融化的",""
"녹아내린 눈알","融落之眼/融化的眼球",""
"놋쇠 황소 - 눈물 흘리는","黃銅公牛 - 流淚",""
"높으","高於",""
"뇌횡","雷橫",""
"누구도 울지 않도록","因而無人哭泣",""
"누님","大姐",""
"누렁이","小黃",""
"눈물","眼淚",""
"눈물 흘리는 것","落淚之物",""
"눈물로 벼려낸 검","淚鋒之劍",""
"눈부시지 않은 영광","未照耀的榮光",""
"눌인","訥人",""
"늑대","狼",""
"니코","尼柯",""
"니콜리나","尼古莉娜",""
"닉시 다이버전스","輝光變動儀",""
"님","大人",""
"다가오는 바바야가","芭芭雅嘎的追獵",""
"다가오는 파탄","破滅將至",""
"다시 도는 피의 충동","覆還的血之沖動",""
"다시 붙여진 저주 부적","覆貼的咒符",""
"다음 턴","下回合",""
"다음 턴 시작 시","下回合開始時",""
"다음 턴까지","直到下回合結束",""
"다음 턴부터","下回合起",""
"단계","階段",""
"단골","常客",""
"단수어","斷首魚",""
"단악수선","一罪百善",""
"단일 코인 스킬","單硬幣技能",""
"단절","斷絕",""
"단테","但丁",""
"단테 님","但丁閣下",""
"단테의 기록","但丁的記錄",""
"단테의 노트","但丁的筆記",""
"달빛","月華",""
"당 피해량","造成的傷害",""
"대. 박.","頭・裂",""
"대결","對決",""
"대관원","大觀園",""
"대기 인원","待命人員",""
"대기 해제","解除待命",""
"대리","系長",""
"대리 결투","決鬥代理",""
"대부","教父",""
"대상","目標",""
"대상 변경 불가","無法改變拼點目標",""
"대상의","【若/則】目標的",""
"대여 편성","租借編隊",""
"대옥","黛玉",""
"대표","代表",""
"대행자","代行者",""
"대호수","大湖",""
"대화","對話",""
"대화청","大花廳",""
"더 빠르게!","再快點！",""
"더 알 수 있는 사실은 없는 것 같으니, 관찰 일지는 이것으로 마치겠다","- 沒有更多的額外發現。觀察日志結束。",""
"더 정확하게!","再準點！",""
"더하기","加算",""
"더하기 코인 강화","加算硬幣強化",""
"더하기 코인 약화","加算硬幣弱化",""
"데드레빗츠","死兔幫",""
"데미안","德米安",""
"데블스 셰어","魔鬼所享",""
"도도루","多多魯",""
"도련님","少爺",""
"도령","公子",""
"도미노","多米諾",""
"도발치","挑釁值",""
"도슨트들을","講解員",""
"도시","都市",""
"도시 악몽","都市夢魘",""
"도시 질병","都市惡疾",""
"도시의 별","都市之星",""
"도시질병","都市惡疾",""
"도약 모듈","跳躍成長模組",""
"도주","潰退",""
"도착증","倒錯癥",""
"독","劇毒",""
"돈키호테","堂吉訶德",""
"돌시네아","杜爾西內婭",""
"돌하르방","石頭爺爺",""
"동기화","同步",""
"동기화 3단계 달성","3階段同步完成",""
"동기화 진행","進行同步",""
"동랑","東朗",""
"동료","同事/同僚",""
"동면","冬眠",""
"동백","冬柏/山茶花",""
"동부십검","東部十劍",""
"동전","銅錢 / 硬幣",""
"두려움","恐懼",""
"두목","幫主（老大）",""
"둥지","巢",""
"뒤얽힌 현상 복구","糾纏態現狀還原",""
"뒤틀린","扭曲",""
"뒤틀림","扭曲",""
"뒷골목","後巷",""
"뒷골목의 밤","後巷深宵",""
"뒷면 적중 시","反面命中時",""
"뒷문","後門",""
"듀라한","杜拉罕",""
"드러난 밑동","露出的根系",""
"디아스","狄亞斯",""
"디에치 협회","Dieci協會",""
"딜리버리 캐리어","派送箱",""
"딜리버리 캐리어 - 로쟈","派送箱-羅佳",""
"딜리버리 캐리어 - 싱클레어","派送箱-辛克萊",""
"딸","女兒",""
"땅끝기사단이","天涯騎士團",""
"떠돌이 여우","流浪狐貍",""
"뜀박질","蹦跳",""
"라만차랜드","拉·曼卻領",""
"라비","拉維",""
"라이브러리 오브 루이나","廢墟圖書館",""
"라테라노 패밀리","拉特朗家族",""
"란","蘭",""
"랜턴","提燈",""
"레미니센스","追憶",""
"레바테인","萊瓦汀",""
"레이피어","刺劍",""
"레인","雷恩",""
"레테","勒忒",""
"로도스 아일랜드","羅德島",""
"로렌소","洛蘭索",""
"로메로","羅梅羅",""
"로보토미","腦葉公司",""
"로시난테","駑骍難得",""
"로쟈","羅佳",""
"로지온","羅季昂",""
"로직 아틀리에","邏輯工作室",""
"료. 고. 파.","良・派",""
"료슈","良秀",""
"루치오","盧西奧",""
"뤼엔","里恩",""
"리날도","李拿度",""
"리버스드","逆位",""
"리벨리온 드 라스 마사스호","大眾的反叛號",""
"리우 협회","六協會",""
"리카르도","里卡多",""
"리토르넬로","Ritornello",""
"린튼","林頓",""
"림","林",""
"림버스 컴퍼니","邊獄公司",""
"림버스컴퍼니","邊獄公司",""
"마감","截稿期限",""
"마님","夫人",""
"마름","司田",""
"마리르","馬里勒",""
"마리아치","流浪樂隊",""
"마법의 탄환","魔彈",""
"마비","麻痹",""
"마사스호","大眾號",""
"마에스트로","大師",""
"마왕","魔王",""
"마음의 벽","封閉的心",""
"마음이 어긋나는","心意相悖",""
"마이","麥",""
"마이너 아르카나","小阿卡納",""
"마주하지 않는","無作為者",""
"마지막 개조","最終改造",""
"마지막 기사","最後的騎士",""
"마치오","以上，報告終止。",""
"마침표 사무소","句點事務所",""
"마탄","魔彈",""
"마튼","馬頓",""
"마티아스","馬蒂亞斯",""
"막내","老末",""
"만개","盛放",""
"만발","綻放",""
"만트라","曼怛羅",""
"말레우스 말레피카룸","女巫之槌",""
"말벌","胡蜂",""
"말쿠트","Malkuth",""
"맘브리노","曼布里諾",""
"맘브리노 투구를","曼布里諾頭盔",""
"맛의 골목","味之巷",""
"망","望",""
"맞물리는 시간","嚙合的時間",""
"매듭파","繩結派",""
"매튜","馬修",""
"매트","馬特",""
"맹목","盲目",""
"맺힌 결실","成熟的果實",""
"머금은 목화","浸染棉花",""
"머나먼 별","彼方之星",""
"머리","首腦",""
"먼지에서 먼지로","土歸土",""
"멀티크랙 사무소","多裂紋事務所",""
"메스틸","梅斯提爾",""
"메이스","硬頭錘",""
"메이어스","梅厄斯",""
"메이저 아르카나","大阿卡納",""
"메피","梅菲",""
"메피스토펠레스","梅菲斯托費勒斯",""
"메피스토펠레스 선실","梅菲斯托費勒斯 船艙",""
"면역","免疫",""
"명경지수","明鏡止水",""
"명령 : 용해","指令：熔毀",""
"명령:용해","指令：熔毀",""
"명순응","眩目",""
"명흔","溟痕",""
"모노리스","獨石",""
"모든","所有",""
"모든 세계","所有世界",""
"모든 아군","全體友方單位",""
"모제스","摩西",""
"모조발전기","仿造發電機",""
"목숨값","生命之價值",""
"목인장","木人樁",""
"목줄","項圈",""
"몸통","軀幹",""
"못","尖釘",""
"못과 망치","釘與錘",""
"뫼르","默爾",""
"뫼르소","默爾索",""
"묘","卯",""
"묘고파","貓又派",""
"무모한 결투","魯莽的決鬥",""
"무작위","隨機",""
"무작위 대상 공격","隨機指定目標",""
"무작위 방출","無序放電",""
"무정전 전원장치","不間斷電源裝置",""
"묵가","墨家",""
"묶인 왕","受縛之王",""
"문자 석판","石版字符",""
"물개","海猴子",""
"물리 간섭 보호장","物理屏蔽力場",""
"물리 내성","物理抗性",""
"물주머니","液囊",""
"미래절단직","未來斷絕人員",""
"미련","留戀",""
"미르칼라","蜜卡拉",""
"미만","低於",""
"미세탄을","微型彈",""
"미윤","彌胤",""
"미적 감각","美感",""
"미카","美香",""
"밀려오는 우울","憂郁浪潮",""
"바둥거림","掙紮",""
"바라볼 수밖에 없는","不思觀望",""
"바리","巴里",""
"바바야가","芭芭雅嘎",""
"바스라진 기억","粉碎的記憶",""
"바퀴","蜚蠊",""
"바퀴 수","巡回數",""
"박사","博士",""
"반격","反擊",""
"반죽","面團",""
"받는 피해량","受到的傷害",""
"발견되는 취약점","暴露的弱點",""
"발렌치나","瓦倫希娜",""
"발명가 상","發明家獎",""
"발톱","爪牙",""
"발표","發表（研究發表的情況下）",""
"발푸르기스의 밤","瓦爾普吉斯之夜",""
"발해의 수확자","缽海收割者",""
"발현","展現",""
"밤의 송곳","夜錐（組）",""
"방랑무사","流浪武者",""
"방어","防御",""
"방어 레벨","防御等級",""
"방어 레벨 감소","防御等級降低",""
"방어 레벨 증가","防御等級提升",""
"방어 태세","防御姿態",""
"방직기","織布機",""
"방출 전류","電流釋放",""
"방치","閒置",""
"배너","橫幅",""
"배달 가방","派送包",""
"배회 (사기 저하)","徘徊（士氣低落）",""
"배회 (패닉)","徘徊（陷入恐慌）",""
"백화","白化",""
"뱀","蛇",""
"버림","丟棄",""
"버스","巴士",""
"버스 부서","巴士部門",""
"버스배","巴士船",""
"버스의 뒷문","巴士的後門",""
"버질","維吉爾",""
"버틀러","管家",""
"번개","雷電",""
"벌레 양반","蟲男",""
"범블","班布爾",""
"범용 E.G.O GIFT","泛用E.G.O飾品",""
"베르","維吉",""
"베르길리우스","維吉里烏斯",""
"베르너","維爾納",""
"베르베르","維吉維吉",""
"베스파","韋斯帕",""
"베스파 크라브로","韋斯帕·克拉伯羅",""
"벼락인간","落雷人",""
"벼려진 가지","磨尖的樹枝",""
"변동","波動",""
"변동 좌표","變動坐標",""
"변하지 않는","無改變者",""
"변화치","變動值",""
"별구름","星雲",""
"별빛","星芒",""
"별새김","鐫星",""
"별의 가호","星之恩惠",""
"별의 이름","星名",""
"보고는","以上，結束報告。",""
"보고를 마치겠습니다","我在此結束報告。感謝您的閱讀。",""
"보고할 수 있는 부분을 발견하면 더 기술하겠습니다","如果發現了能夠添加的報告，我將追加記述。報告結束。",""
"보급 시계","標配型鐘表",""
"보냐텔리","伯納特利家族",""
"보살 치킨","菩薩雞",""
"보상 교환","獎勵兌換",""
"보스","頭目",""
"보옥","寶玉",""
"보좌","若頭輔佐/輔佐",""
"보차","寶釵",""
"보통","一般",""
"보트 센터","修船廠",""
"보호","守護",""
"보호막","護盾",""
"복도","走廊",""
"복제인간","覆制人",""
"복지팀","福利部",""
"본 보야지","一路順風",""
"본가","主宅",""
"본능","本能",""
"본능 작업","本能工作",""
"본망","本望",""
"본사","本部",""
"본인","吾",""
"본인 사망","自身陣亡",""
"본체","本體",""
"봄빈","邦賓",""
"봉이","小鳳",""
"부당 수익","不義之財",""
"부서진","損壞的",""
"부서진 인연의 조각","破碎紐帶的殘片",""
"부선장","大副",""
"부여","使目標增加n級XX 強度/對目標施加n層XX 。/使？增加n級XX 強度並施加n層XX 。",""
"부위","部位",""
"부위파괴","部位破壞",""
"부적","符咒",""
"부적 묶음","成捆的符咒",""
"부적술사","符術士",""
"부조장","副會長",""
"부지 매몰","設施掩埋",""
"부하","載荷",""
"분.게","蟹・憤",""
"분기사면제","季度赦免制",""
"분노","暴怒",""
"분노 (사기저하)","憤怒（士氣低落）",""
"분노 (패닉)","憤怒（陷入恐慌）",""
"분노 내성 강화","暴怒抗性強化",""
"분노 내성 약화","暴怒抗性弱化",""
"분노 보호","暴怒守護",""
"분노 위력 감소","暴怒威力降低",""
"분노 위력 증가","暴怒威力提升",""
"분노 취약","暴怒易損",""
"분노 피해량 감소","暴怒傷害弱化",""
"분노 피해량 증가","暴怒傷害強化",""
"분실물 보관소","失物招領處",""
"분풀기","泄憤暴打",""
"분홍 머리","小粉毛",""
"분홍신","粉紅鞋",""
"불로불사","不老不死",""
"불번짐","燎原",""
"불빛꽃","火光花",""
"불순","不潔",""
"불순 (사기 저하)","不潔（士氣低落）",""
"불순 (패닉)","不潔（陷入恐慌）",""
"불순물","雜質",""
"불신의 줄기","猜疑之枝",""
"불씨","火種",""
"불안정","不穩定（ego被動）/失控（戰鬥機制）",""
"불주먹","炎拳",""
"불주먹 사무소","炎拳事務所",""
"불청객","不速之客",""
"불티","火星",""
"불한당","流氓",""
"붉은시선","猩紅凝視",""
"붉은안개","殷紅迷霧",""
"붉은주머니","冬紅布袋",""
"붕괴","崩解/崩壞",""
"붕괴 앰플","崩解安瓿",""
"블러드슈팅","血獵",""
"블러디 가젯","鮮血裝飾",""
"블러디가젯","鮮血裝飾",""
"비급이 아닌 척하는 비전서","假裝不是秘籍的秘籍",""
"비난","遷怒",""
"비난 (사기 저하)","遷怒（士氣低落）",""
"비난 (패닉)","遷怒（陷入恐慌）",""
"비워냄","入定",""
"비워짐","放空",""
"비포 팀","先遣部隊",""
"비포팀","先遣部隊",""
"빛나는 욕망","耀眼的欲望",""
"빛나는 허영","耀眼的虛榮",""
"빛의 묘목","光之樹苗",""
"빠르","高於",""
"빼기","減算",""
"빼기 코인 강화","減算硬幣強化",""
"빼기 코인 약화","減算硬幣弱化",""
"빼기 코인 인격","減算硬幣人格",""
"빼앗겨 울부짖는","因被奪取而哭嚎的",""
"사건의 지평선","事件視界",""
"사격 준비 만전","射擊準備完畢",""
"사기 저하","士氣低落",""
"사냥감의 징표","獵物標記",""
"사냥의 호흡","狩獵氣息",""
"사랑과 증오의 이름으로","以愛與憎之名",""
"사랑을 주소서","請給我們愛",""
"사랑할 수 없는","無慈悲者",""
"사령관","指揮官",""
"사르곤","薩爾貢",""
"사무소","事務所",""
"사미윤","史彌胤",""
"사백 송이 장미","四百朵玫瑰",""
"사사정","史思靜",""
"사샤","薩莎",""
"사서","管理員/司書",""
"사씨 가문","史家",""
"사용한 스킬 속성이","若該技能為XX技能",""
"사육제","謝肉祭",""
"사이화","史易華",""
"사자","獅",""
"사전관측과","事前觀測科",""
"사화정","史華貞",""
"사환","巳丸",""
"삭히지 못한 흥분","無法抑制的興奮",""
"산나비","生蝶",""
"산나비·죽은나비","生蝶·亡蝶",""
"산손","參孫",""
"산제물 의식","活祭儀式",""
"산초","桑丘",""
"산쵸","桑丘",""
"산타타","桑塔塔",""
"살피뼈 농축산","肉血骨農牧產業",""
"삼도끼 사무소","三斧事務所",""
"삼등 항해사","三副",""
"삼삼","杉三",""
"삼조","三朝",""
"상영관","放映室",""
"상이","箱李",""
"상점","商店",""
"상태가 아닌","未陷入/不處於(混亂狀態) 或 未帶有(狀態效果)",""
"상태인","帶有XX 的/處於XX 狀態的",""
"상허","尚虛",""
"새로고침","刷新",""
"새로운 발견","新發現",""
"새벽 사무소","黎明事務所",""
"색욕","色欲",""
"색욕 내성 강화","色欲抗性強化",""
"색욕 내성 약화","色欲抗性弱化",""
"색욕 보호","色欲守護",""
"색욕 위력 감소","色欲威力降低",""
"색욕 위력 증가","色欲威力提升",""
"색욕 취약","色欲易損",""
"색욕 피해량 감소","色欲傷害弱化",""
"색욕 피해량 증가","色欲傷害強化",""
"생각 톱니","思想齒輪",""
"생명 보험","生命保險",""
"생성","生成",""
"생체 맹독 바이알","生物劇毒藥瓶",""
"섕크","Cinq",""
"섕크 협회","Cinq協會",""
"석양의 해결사","夕陽的收尾人",""
"선고의 순간","宣判之刻",""
"선망하여 표류하는 메이어스","梅厄斯，羨望漂流",""
"선물 공장","禮物工廠",""
"선물 공장 응접실","禮物工廠 接待室",""
"선물 공장 집하 라인","禮物工廠 收集線路",""
"선물 교환","交換禮物",""
"선물 제작소","禮物組裝處",""
"선원","船員",""
"선의의 순례","善意的巡禮",""
"선인","仙人",""
"선택지 성공","判定成功",""
"선택지 실패","判定失敗",""
"선택지 효과","事件效果",""
"선황충","仙皇蟲",""
"설반","薛蟠",""
"설보차","薛寶釵",""
"설씨 가문","薛家",""
"성도의 손","聖徒之手",""
"성물","聖物",""
"성위","星位",""
"성자","聖者",""
"성장","生長/成長",""
"세븐 협회","Seven協會",""
"세이버","長劍",""
"세치오나투라 디 체르보","解鹿",""
"세칸도","二級",""
"세피라","Sephirah",""
"소금사막","鹽漠",""
"소냐","索尼亞",""
"소드","索德",""
"소라","空",""
"소란스러워 지는 구인회","變得嘈雜起來的九人會",""
"소망력","願力",""
"소망통","願望罐",""
"소모","消耗",""
"소원 빌기","祈願",""
"소음 공황","噪音恐慌",""
"소인","鄙人",""
"소지","小指",""
"속도","速度值",""
"속도에 상관없이 이 스킬과 합을 할 수 있으며","可無視速度值與本技能拼點",""
"속도에 상관없이 이 스킬과 합을 할 수 있음","可無視速度值與本技能拼點",""
"속박","束縛",""
"속성 내성","罪孽抗性",""
"속성 스킬을 사용한 경우에는","若該技能為XX技能",""
"속성 죄","技能組包含XX屬性技能的/技能組內不包含XX屬性技能的",""
"속하지 못하는","無歸屬者",""
"손가락","手指",""
"손가락 걸기","拉勾",""
"손목 보호대","護腕",""
"손정","孫禎",""
"솔다토","士兵",""
"송곳니 사냥","獵牙",""
"수감자","罪人 / 囚犯",""
"수감자 당 턴 당 1회 발동","每名罪人每回合最多1次",""
"수감자들의 업무 종료를 승인합니다","我批準罪人結束工作。",""
"수비","守備/防御",""
"수비 스킬","守備技能",""
"수비 위력 감소","破綻",""
"수비 위력 증가","忍耐",""
"수석 연구원","首席研究員",""
"수업","課程/授課",""
"수염","胡茬叔",""
"수장","首領（當家）",""
"수집하는 해골","頭骨收藏",""
"수치","強度",""
"수치가 가장 높은 대상을 우선 지정","優先指定【】最高的目標",""
"수행자","苦行者",""
"숙청","肅清",""
"순록","馴鹿",""
"순록팀","馴鹿隊",""
"순찰용 손전등","巡邏用手電筒",""
"쉼터","休息點",""
"슈렌느","施倫妮",""
"스미","斯米",""
"스카디","斯卡蒂",""
"스크류","螺絲",""
"스킬 교체","技能替換",""
"스킬 위력","基礎值",""
"스킬을 보유한","擁有XX技能的",""
"스킬을 사용하여","使用XX技能/通過XX技能",""
"스킬의 코인 수","技能硬幣總數",""
"스타벅","斯達巴克",""
"스타벅의 자아","斯達巴克的自我",""
"스텁","斯塔布",""
"스테이지","關卡",""
"스테이지 시작 시","關卡開始時",""
"스테파네트","斯蒂芬妮",""
"스테판","史蒂芬",""
"스토리 던전","劇情迷宮",""
"스튜던트","學徒",""
"스트레스","壓力",""
"스티그마","烙印",""
"슬롯","行動槽",""
"습인","襲人",""
"시 협회","し協會",""
"시간 공동 분담 지출","共同分擔時間支出",""
"시간 굴레","時間的枷鎖",""
"시간 금고","時間保險箱",""
"시간 대여","時間租賃",""
"시간 살인 시간","時間殺人時間",""
"시간 살인마","時間殺人魔",""
"시간 유예","時間延付",""
"시간 저울 교수대","時間秤絞刑架",""
"시간살인시간","時間殺人時間",""
"시간회수 해결사","時間回收收尾人",""
"시계","時鐘（良秀對但丁稱呼）",""
"시계 공장","鐘表工廠",""
"시계 대가리","鐘表頭",""
"시계탑","鐘樓",""
"시나리오","劇本",""
"시련","考驗",""
"시뮬레이션","模擬",""
"시본","海嗣",""
"시술","手術",""
"시작 버프","開局增益",""
"시종","下人 / 侍從（侍女）",""
"시즌","賽季",""
"시착역","起點站",""
"시추선","鉆井船",""
"시춘","惜春",""
"시큼한 주향","酸味的酒香",""
"시테러","恐魚",""
"신경질적인 방전","神經質的放電",""
"신구인회","新九人會",""
"신부","神父/新娘",""
"신비","神備/神秘",""
"신속","迅捷",""
"신체파","人體派",""
"신하들","臣子",""
"실장","總督",""
"실험관","實驗管",""
"심상","心象",""
"심야청소","深夜清掃",""
"심해 교회","深海教會",""
"심해 신도","深海教徒",""
"심해 주교","深海主教",""
"심해의 분출자","深溟噴濺者",""
"심해의 정초자","深溟奠基者",""
"싱클레어","辛克萊",""
"쌍갈고리","雙鉤",""
"씨","先生/小姐/女士",""
"씨앗","種子",""
"아가씨","小姐",""
"아군","友方單位",""
"아군 사망","友方陣亡/友方單位陣亡",""
"아군 전체","全體友方單位",""
"아나운서","播報員",""
"아늑한 침대","舒適臥床",""
"아능","雅能",""
"아라야","阿賴耶",""
"아르고스","阿爾戈斯",""
"아르카나","阿卡納",""
"아르카나 비트","阿卡納律動",""
"아르카나 슬레이브","阿卡納光破斬",""
"아르카나의 스프레드에","阿卡納牌陣",""
"아미야","阿米婭",""
"아브락사스 전차","阿布拉克薩斯戰車",""
"아브락사스의 전차","阿布拉克薩斯戰車",""
"아비","父輩",""
"아세아","亞細亞",""
"아야","阿雅",""
"아이","孩子",""
"아이기스","埃癸斯",""
"아이드","艾達",""
"아이린","艾麗妮",""
"아지트","藏身處（雙鉤海盜團）/據點（死兔幫和聖愚）",""
"아찔한 정신","恍惚的意識",""
"아침 인사","早間問候",""
"아카이빙 부서","檔案部門",""
"아틀리에","工作室",""
"아파!","好痛！",""
"아파하는 테디","痛苦泰迪",""
"악비","岳飛",""
"악으로 규정되는","定義為惡",""
"안","眼",""
"안식처","安息之地",""
"안전팀","安保部",""
"안회","顏回",""
"알","卵",""
"알 수 없는 상처","未知的傷口",""
"알. 못.","懂·自·懂",""
"알라스","阿拉斯",""
"알레시오","阿萊西奧",""
"알리사","阿莉莎",""
"알비나","阿爾比娜",""
"알파","阿爾法",""
"알폰소","阿方索",""
"암수","暗算",""
"압도","無措",""
"압도 (사기저하)","無措（士氣低落）",""
"압도 (패닉)","無措（陷入恐慌）",""
"압박 붕대","加壓繃帶",""
"압착부서","鎮壓部門",""
"앙갚음 (사기 저하)","報覆（士氣低落）",""
"앙갚음 (패닉)","報覆（陷入恐慌）",""
"앙갚음 대상","報覆對象",""
"앙갚음 장부","覆仇賬簿",""
"애거사","阿加莎",""
"애착 작업","溝通工作",""
"애프터 팀","收尾部隊",""
"앤젤라","Angela",""
"앰플","安瓿",""
"앵두","櫻桃",""
"야수파","野獸派",""
"야외 생존 유닛","野外維生單元",""
"야코프","雅各布",""
"약속의 시계가","約定的時鐘",""
"약자","弱者",""
"약점","脆弱",""
"약점 분석","弱點分析",""
"약지","環指",""
"양","女士",""
"양분 흡수","吸收養分",""
"양산박","梁山泊",""
"어금니","臼齒",""
"어두운 숲","幽暗的森林",""
"어르신","長輩",""
"어머니","母親/太太",""
"어버이","親族/父親/母親",""
"어스름","黃昏",""
"억류된 찬송","被扣留的頌歌",""
"억압","壓迫",""
"억압 작업","壓迫工作",""
"언니","姐姐",""
"언더보스","二老板",""
"언쇼","恩肖",""
"얻음","使自身獲得（對自身施加）n層XX /使自身增加n級XX 強度",""
"얼룩 제거 세트","迷你去污套組",""
"얽혀온 저주 부적","糾纏的咒符",""
"엄숙한 애도","莊嚴哀悼",""
"엄지","拇指",""
"업적","成就",""
"업화 조각","業火殘片",""
"에기르","阿戈爾",""
"에드가","埃德加",""
"에우리알로스","歐律阿洛斯",""
"에이해브","亞哈",""
"에잇협회","Eight協會",""
"에즈라","以斯拉",""
"에피","埃菲",""
"엔도르핀 키트","內啡肽試劑組",""
"엔케팔린","腦啡肽",""
"엔케팔린 모듈","腦啡肽模塊",""
"여명","黎明",""
"여분의 미끼","額外的餌料",""
"여우비","狐雨",""
"연결된 플러그","連接的插頭",""
"연구선","科研船",""
"연기","煙氣",""
"연기 전쟁","煙霾戰爭",""
"연기와 철조망","煙霾與鐵絲網",""
"연속 전투","連續遭遇戰",""
"연심","研心",""
"영대","聖帶",""
"영생의 거울","永生之鏡",""
"영작오","寧作吾",""
"영지","靈之",""
"예소드","Yesod",""
"예술","藝術",""
"오기","傲氣",""
"오라클","神諭",""
"오래된 게딱지 탄","蟹殼廢料彈",""
"오리엔테이션","方向",""
"오만","傲慢",""
"오만 내성 강화","傲慢抗性強化",""
"오만 내성 약화","傲慢抗性弱化",""
"오만 보호","傲慢守護",""
"오만 위력 감소","傲慢威力降低",""
"오만 위력 증가","傲慢威力提升",""
"오만 취약","傲慢易損",""
"오만 피해량 감소","傲慢傷害弱化",""
"오만 피해량 증가","傲慢傷害強化",""
"오물","穢物",""
"오빠","哥哥",""
"오티","奧提",""
"오티스","奧提斯",""
"올가","奧爾佳",""
"옭아맨 타래","糾纏捆束",""
"와일드헌트","狂獵",""
"와카슈","若眾",""
"완벽한 전술","完美戰術",""
"완전 공명","完全共鳴",""
"완전 공명을 발동","激活XX完全共鳴",""
"완전공명","完全共鳴",""
"왕","王",""
"왕대위","王大韙",""
"왕부인","王夫人",""
"왕인","王仁",""
"왕자우","王照",""
"왕청산","王清山",""
"외곽","郊區",""
"외곽 너머","郊區之外",""
"외우피협회","Öufi協會",""
"외장 강화 장치","外置強力升級",""
"요시히데","<ruby=Yoshihide>良秀</ruby>",""
"요정","精靈/妖靈",""
"요정관","凹晶館",""
"용진 빌딩","龍進大樓",""
"우.미.다","去・海・邊",""
"우두머리","頭目/頭領",""
"우산 파편","雨傘碎片",""
"우선","優先",""
"우심방","右心房",""
"우울","憂郁",""
"우울 (사기 저하)","抑郁（士氣低落）",""
"우울 (패닉)","抑郁（陷入恐慌）",""
"우울 내성 강화","憂郁抗性強化",""
"우울 내성 약화","憂郁抗性弱化",""
"우울 보호","憂郁守護",""
"우울 위력 감소","憂郁威力降低",""
"우울 위력 증가","憂郁威力提升",""
"우울 취약","憂郁易損",""
"우울 피해량 감소","憂郁傷害弱化",""
"우울 피해량 증가","憂郁傷害強化",""
"우울해진 닭","憂郁的雞",""
"우의정","右議政",""
"우제트","瓦吉特",""
"운동 증량 펌웨어","運動增量固件",""
"운전석","駕駛席",""
"울렁이는 감정","飄忽不定的情緒",""
"울음 두꺼비","悲泣蟾蜍",""
"울화통","郁火",""
"워더링하이츠","呼嘯山莊",""
"워프 열차","WARP列車",""
"워프특급 살인사건","WARP快車謀殺案",""
"원춘","元春",""
"원한","仇怨",""
"원한 문신","仇怨紋身",""
"원호 공격","援護攻擊",""
"원호 방어","援護防御",""
"원호 방어 보호막","援護護盾",""
"원활","暢通",""
"월광석","月長石",""
"월면기사단","月面騎士團",""
"웨이","衛",""
"웨이브 첫 턴 시작 시","波次的首個回合開始時",""
"위력","強度",""
"위력 감소","威力降低",""
"위력 증가","威力提升",""
"위장된 화평","虛飾的和平",""
"위축","畏縮",""
"위축 (사기저하)","畏縮（士氣低落）",""
"위축 (패닉)","畏縮（陷入恐慌）",""
"위태로운 마음","岌岌可危的心靈",""
"위태로운 정신","岌岌可危的精神",""
"위험 전투","危險遭遇戰",""
"위험등급","危險等級",""
"유니온","聯盟",""
"유랑","流郎",""
"유로지비","聖愚",""
"유리","尤莉",""
"유리아","尤里亞",""
"유리창","玻璃窗",""
"유물","遺物",""
"유연 화약","有煙火藥",""
"유의미한 전투를 수행했습니다","今日xx點，與該實體進行了有意義的交戰。",""
"유적","廢墟",""
"유진","柳真",""
"유충","幼蟲",""
"육참골단","肉斬骨斷",""
"육체 시술","肉體強化手術",""
"육체 파동","血肉翻湧",""
"융해된 파라핀","熔化的石蠟",""
"은봉이네","銀鳳家",""
"은봉이네 호프집","銀鳳炸雞酒吧",""
"을 부여하는 공격 스킬을 보유한 인격이","若擁有施加(狀態效果)的攻擊技能的友方單位不(高/低於X名)",""
"을 획득하는 공격 스킬을 보유한 인격이","若擁有獲得(狀態效果)的攻擊技能的友方單位不(高/低於X名)",""
"의뢰","委托",""
"의뢰인","委托人",""
"의체","義體",""
"의체보유자","義體人",""
"이 스킬의 모든 코인이 [SuperCoin]으로 변경됨","使本技能中的所有硬幣轉化為[SuperCoin]",""
"이등 항해사","二副",""
"이로운 효과","增益效果",""
"이발사","理發師",""
"이방인","外來者",""
"이번 턴","本回合",""
"이번 턴 동안","本回合內",""
"이번 턴과 다음 턴에","本回合與下回合中",""
"이베리아","伊比利亞",""
"이베리아의 눈","伊比利亞之眼",""
"이벤트 재화","活動道具",""
"이벤트 특화 대상","活動加成角色",""
"이빨태엽","牙齒發條",""
"이사","董事",""
"이사벨라","伊莎貝拉",""
"이상","李箱",""
"이상으로 보고를 마칩니다.","報告結束。",""
"이상일 때 발동","則觸發該效果",""
"이스","以實",""
"이스마엘","以實瑪利",""
"이어지는 취약점","相連的弱點",""
"이전 턴","上回合",""
"이하","不高於",""
"이해","理解",""
"이해의 과실","理解的果實",""
"이형발작","異形發作",""
"이홍원","怡紅院",""
"인격","人格/友方單位",""
"인격 편성","人格出戰",""
"인격 획득","獲得人格",""
"인격마다 턴 당 1회 발동","每回合每名友方單位最多1次",""
"인격패","人格卡",""
"인어","人魚",""
"인지 필터","認知濾網",""
"인터뷰어","記者",""
"일등 항해사","大副",""
"일등석","頭等艙",""
"일렁임","搖曳",""
"일련번호","編號",""
"일반","經濟艙",""
"일반 전투","常規遭遇戰",""
"일반 전투 한정","僅限常規遭遇戰",""
"일방공격","單方面攻擊",""
"일점타격논리회로","單點打擊邏輯電路",""
"잃은 체력","已失去體力",""
"잃음","失去/使自身失去XX",""
"임대옥","林黛玉",""
"입국심사","入境檢查",""
"입성이요","轎至",""
"입장","進入戰鬥",""
"입체파","立體派",""
"입회","公證",""
"자","子",""
"자가 충전","自體發電",""
"자경단","義警",""
"자공","子貢",""
"자라 환","鱉丸",""
"자라나는 꽃","茁壯成長的花",""
"자로","子路",""
"자멸적 정화","自我毀滅的凈化",""
"자살 (사기 저하)","自盡（士氣低落）",""
"자살 (패닉)","自盡（陷入恐慌）",""
"자색 여명의 시련","紫羅蘭的黎明",""
"자색 정오의 시련","紫羅蘭的正午",""
"자신과 대상의 속도 차이","自身的速度值與目標【每?】相差【至少?】【X點】",""
"자신에게 피해","對自身造成n點傷害",""
"자아 파편","自我碎片",""
"자아심도","自我心道",""
"자정","午夜",""
"자판기","自動販賣機",""
"자해","自殘",""
"자해 (사기 저하)","自殘（士氣低落）",""
"자해 (패닉)","自殘（陷入恐慌）",""
"작살","捕鯨槍 / 標槍",""
"작살잡이","魚叉手",""
"작열공작","灼熱公爵",""
"작열우모","熾熱的羽毛",""
"작은 누님","幼姊",""
"작은 망치","小錘",""
"작은 아우","幼弟/幼妹",""
"작은 형님","幼兄",""
"작전","作戰",""
"잘려나간 기억","切開的記憶",""
"잠시 사그라든 열기","片刻冷靜",""
"장","章節X/間章X/第X章",""
"장막","帳幕",""
"장미 면류관","玫瑰王冠",""
"장미 사냥꾼","玫瑰獵人",""
"장미 표지판","玫瑰告示牌",""
"장미스패너","玫瑰扳手",""
"장부","賬簿",""
"장식 꾸러미","裝飾品包裹",""
"장엄","莊嚴",""
"재갈","轡頭",""
"재단용 가위","裁縫用剪刀",""
"재봉 대상","縫紉對象",""
"재생","再生",""
"재생로","再生反應堆",""
"재에서 재로","塵歸塵",""
"재장전","再次裝填",""
"재적일","重構日",""
"재판관","審判官",""
"재판소","審判庭",""
"재화와","道具",""
"잭","傑克",""
"저 놈 잡아!","拿下他！",""
"저녁 인사","晚間問候",""
"저택","宅邸",""
"저택의 메아리","山莊的回響",""
"저항","抗性",""
"저해의 활주자","底海滑動者",""
"적","敵方單位",""
"적 처치","擊殺敵方",""
"적 흐트러질 시 대사","敵方混亂",""
"적안","赤瞳",""
"적안 - 경계","赤瞳-警戒",""
"적안 - 포식","赤瞳-捕食",""
"적중 시","命中時",""
"적출","截除",""
"적출직 직원","摘除人員",""
"전기울음","電子哀鳴",""
"전략적 휴식 복지 모드","戰略性休息福利模式",""
"전령","傳令員",""
"전면전","全面戰",""
"전투 단계","戰鬥階段",""
"전투 보상 카드","遭遇戰獎勵卡",""
"전투 승리","戰鬥勝利",""
"전투 시작 시","戰鬥開始時",""
"전투 중 인격 선택","戰鬥中選中人格",""
"전투 중 특징을 묘사하겠습니다","下面將描述其在戰鬥中表現出的特征。",""
"전투 패배","戰鬥失敗",""
"전투당 1회 발동","每場戰鬥最多1次",""
"절망의 기사","絕望騎士",""
"절반","一半",""
"절차탁춘","切磋琢春",""
"점묘파","點彩派",""
"점심 인사","午間問候",""
"점혈","點穴",""
"정리 요원","清掃人員",""
"정리요원","清掃人員",""
"정보서류","情報文件",""
"정보팀","情報部",""
"정신 장악","精神控制",""
"정신 피해","理智傷害",""
"정신력","理智值",""
"정신력 감소 효율","理智值減少效率",""
"정신력 피해","理智傷害",""
"정신력 회복 효율","理智值恢覆效率",""
"정신피해","理智傷害/對某某人造成n點理智傷害",""
"정예 전투","精銳遭遇戰",""
"정오","正午",""
"정의로운 기분이라네","正義至極",""
"정찰팀","偵察隊",""
"제 2권속","二代眷屬",""
"제 4무리","第四集團軍",""
"제1권속","一代眷屬",""
"제거","解除",""
"제논의 거북나선","芝諾的龜螺旋",""
"제뱌찌","Девять",""
"제뱌찌 협회","Девять協會",""
"제압","制服/武力壓制/鎮壓",""
"제약","制約",""
"제이콥","雅各布",""
"제자","子輩",""
"제한 풀린 제세동기","解除限制的除顫儀",""
"젠장","媽的",""
"조각","殘片",""
"조길인","鳥鴶人",""
"조력자","小幫手",""
"조모","祖母/老太太/老太君",""
"조부","祖父",""
"조세핀","約瑟芬",""
"조수","助手",""
"조율자","調律者",""
"조작 패널","儀表盤",""
"조직","幫派",""
"조회","晨會",""
"종말 달력","終末日歷",""
"종착역","終點站",""
"좋음","優",""
"좌심방","左心房",""
"좌의정","左議政",""
"죄수","囚犯",""
"죄악 공명","罪孽共鳴",""
"죄악 사슬","罪之鏈",""
"죄악 속성","罪孽屬性",""
"죄악 속성 자원","罪孽碎片",""
"죄인","囚犯",""
"죄종","罪種",""
"죄책감","負罪感",""
"주군","主公",""
"주방장","廚師長",""
"주시","凝視",""
"주인님","家主/主人",""
"주황 머리","橘毛",""
"죽비타작","鞭策",""
"죽은 나비들의 장례","亡蝶葬儀",""
"죽은나비","亡蝶",""
"죽음바라기","尋死者",""
"중간 망치","中錘",""
"중개","調解",""
"중앙본부","中央本部",""
"중요한 사실을 파악하여 추가로 기록합니다","掌握了重要的情報，進行追加記述。",""
"중지","中指",""
"중지는 잊지 않아","中指永不遺忘",""
"쥐는 자","執柄者",""
"쥐어들 자","準執柄者",""
"쥰","俊",""
"증기 운반 기계","蒸汽運輸機",""
"증오와 절망","憎惡與絕望",""
"증오의 여왕","憎惡皇後",""
"지·용·인 기초 입문서","智·勇·仁基礎入門手冊",""
"지난 날","往昔",""
"지난 날의 침낭","往昔的睡袋",""
"지령의 가호","指令加護",""
"지부","支部",""
"지식 단련","磨礪學識",""
"지연","晚點",""
"지옥나비의 꿈","煉獄炎蝶之夢",""
"지정","指定",""
"지크프리트","齊格飛",""
"지혜성","地慧星",""
"지휘팀","控制部",""
"지휘팀 복도","控制部走廊",""
"지휘팀 팀장","控制部隊長",""
"직원","員工/人員",""
"진동","震顫",""
"진동 - 균열","震顫-裂痕",""
"진동 - 반향","震顫-回響",""
"진동 - 분배","震顫-分配",""
"진동 - 붕괴","震顫-崩壞",""
"진동 - 사슬","震顫-鎖鏈",""
"진동 - 영속","震顫-永恒",""
"진동 - 중첩","震顫-疊加",""
"진동 - 태엽감기","震顫-上弦",""
"진동 동화","震顫同步",""
"진동 폭발","震顫引爆",""
"진실의 종","真理之鐘",""
"진압","鎮壓（異想體）",""
"진짜 곰","真正的熊",""
"진폭 변환","振幅轉換",""
"진폭 얽힘","振幅糾纏",""
"질투","嫉妒",""
"질투 내성 강화","嫉妒抗性強化",""
"질투 내성 약화","嫉妒抗性弱化",""
"질투 보호","嫉妒守護",""
"질투 위력 감소","嫉妒威力降低",""
"질투 위력 증가","嫉妒威力提升",""
"질투 취약","嫉妒易損",""
"질투 피해량 감소","嫉妒傷害弱化",""
"질투 피해량 증가","嫉妒傷害強化",""
"집사","執事",""
"집중 공격","集中攻擊",""
"집중 전투","集中遭遇戰",""
"집행","執行",""
"집행유예인","延緩受刑人",""
"징계팀","懲戒部",""
"징벌군","懲戒軍",""
"징수소","征收所",""
"징수직 직원","征收人員",""
"징수청","征收廳",""
"쪽빛 지포라이터","藍色芝寶牌打火機",""
"쪽빛노인","靛藍老人",""
"찢어진 밴돌리어","撕裂的彈帶",""
"차원 균열","次元裂痕",""
"차원가방","次元包",""
"차원문","次元之門",""
"찰나의 영광","剎那的榮光",""
"찰스","查爾斯",""
"참가상","參與獎",""
"참격","斬擊",""
"참격 내성 강화","斬擊抗性強化",""
"참격 내성 약화","斬擊抗性弱化",""
"참격 보호","斬擊守護",""
"참격 위력 감소","斬擊威力降低",""
"참격 위력 증가","斬擊威力提升",""
"참격 취약","斬擊易損",""
"참격 피해량 감소","斬擊傷害弱化",""
"참격 피해량 증가","斬擊傷害強化",""
"참회","懺悔",""
"참회 - 경계","懺悔-警戒",""
"참회 - 고해","懺悔-告解",""
"창","長槍/長矛",""
"창백한 고래","白鯨",""
"창백한 소음","蒼白的噪音",""
"채광","采光",""
"채굴 지역","開采區",""
"처치","擊殺",""
"천살성","天殺星",""
"천퇴성","天退星",""
"철공회","鐵工會",""
"철벽당","凸碧堂",""
"철암사","鐵檻寺",""
"철풍회","鐵風會",""
"철함사","鐵檻寺",""
"청새치 항구선","馬林魚港船",""
"청소부","清道夫",""
"청소부 액체 연료통","清道夫液態燃料罐",""
"청포도","青葡萄",""
"체납자","滯納者",""
"체력","體力",""
"체력 회복 감소","體力恢覆降低",""
"체력 회복 증가","體力恢覆提升",""
"체력이 가장 낮은","體力最低的",""
"체사라","切薩拉",""
"초대장","邀請函",""
"초록빛 결실","綠光果實",""
"초롱","提燈",""
"초염옥구","翠炎玉器",""
"초조함","焦慮",""
"초청받지 않은 자","不速之客",""
"총검","銃劍",""
"총검술","銃劍術",""
"최대","最多",""
"최대 체력","體力上限",""
"최대 체력 증가","體力上限提升",""
"최종 위력","最終威力",""
"최종 위력 증가","最終威力提升",""
"최초로 그것을 조우했습니다","我們於今日xx點oo分第一次遭遇該實體。",""
"추가","額外",""
"추가되는 고난","追加的苦難",""
"추가적인 관찰이 이뤄지면 새롭게 서술하겠다","- 如果有任何新的發現，我會在未來的報告中提及。",""
"추노꾼","推奴者",""
"추억의 펜던트","追憶吊墜",""
"추위","寒氣",""
"축복이었던","曾經的祝福",""
"축적된 과거","累積的過去",""
"축전","蓄能",""
"출격 인원을 기준으로 함","以參戰人員為基準",""
"출렁임","蕩漾",""
"출혈","流血",""
"출혈 저항","流血抗性",""
"충격 지네","電擊蜈蚣",""
"충격탄을","沖擊彈",""
"충은","蟲",""
"충전","充能",""
"충전 역장","充能力場",""
"췌장","胰腺",""
"취기","醉意",""
"취수야객","醉手夜客",""
"취약","致命 / 易損",""
"취약해진 닭","衰弱的雞",""
"츠바이 협회","Zwei協會",""
"츠바이핸더를","雙手大劍",""
"층","階層",""
"층 보스 전투","階層頭目戰",""
"치명타","暴擊",""
"치명타로 가하는 피해량","暴擊倍率",""
"치우","丘",""
"치우 스승","夫子",""
"친우","友人",""
"침묵","沈默",""
"침식되는 마음","漸被侵蝕的心靈",""
"침잠","沈淪",""
"침잠 취약","沈淪易損",""
"침잠쇄도","沈淪泛濫",""
"카드키는","鑰匙卡",""
"카론","卡戎",""
"카르멘","卡門",""
"카르밀라","卡蜜拉",""
"카세티","卡塞蒂",""
"카시라","若頭",""
"카우투스","卡特斯",""
"카이만","凱爾曼",""
"카페테리아","咖啡廳",""
"카포","指揮官",""
"카피타노","隊長",""
"칼리스토","卡利斯托",""
"칼프 마을","卡爾夫鎮",""
"캐서린","凱瑟琳",""
"캐시","凱茜",""
"컬럼비아","哥倫比亞",""
"켈시","凱爾希",""
"코뿔소팀","犀牛隊",""
"코스트","經費",""
"코스프레","cosplay",""
"코오리 공방","冰工坊",""
"코인 위력","硬幣威力",""
"콘실리에레","顧問",""
"콤보","連攜",""
"콩콩이파","豆豆幫",""
"콰르토","四級",""
"쿠리암브로","古良布洛",""
"쿠미쵸","會長",""
"쿠폰 코드","兌換碼",""
"퀴케그","魁魁格",""
"퀴케그의 자아","魁魁格的自我",""
"크랩게","廢料蟹",""
"크랲 드라이버","鑿蟹機",""
"크레용","柯蕾昂",""
"크로머","克羅默",""
"크리티컬 적중 시","暴擊命中時",""
"크리티컬 피해량","暴擊時造成的傷害",""
"크리티컬 피해량 증가","暴擊傷害強化",""
"큰 누님","長姊",""
"큰 망치","大錘",""
"큰 아우","長弟/長妹",""
"큰 형님","長兄",""
"큰입","大嘴",""
"클리어 부서","清理部門",""
"클리어 시 개방","通過XX後解鎖",""
"클리어 올 캐시","清除凱茜",""
"클리포트","逆卡巴拉",""
"클리포트 폭주","逆卡巴拉熔毀",""
"키라","綺羅",""
"타격","打擊",""
"타격 내성 강화","打擊抗性強化",""
"타격 내성 약화","打擊抗性弱化",""
"타격 보호","打擊守護",""
"타격 위력 감소","打擊威力降低",""
"타격 위력 증가","打擊威力提升",""
"타격 취약","打擊易損",""
"타격 피해량 감소","打擊傷害弱化",""
"타격 피해량 증가","打擊傷害強化",""
"타성 조각","惰性殘片",""
"타임트랙","時軌",""
"탄환","彈藥",""
"탄환이 찍은 마침표","由子彈畫下的句點",""
"탈선","脫軌",""
"탈출","出逃",""
"탐구한 지식","所解真知",""
"탐사","探索",""
"탐식","暴食",""
"탐식 내성 강화","暴食抗性強化",""
"탐식 내성 약화","暴食抗性弱化",""
"탐식 보호","暴食守護",""
"탐식 위력 감소","暴食威力降低",""
"탐식 위력 증가","暴食威力提升",""
"탐식 취약","暴食易損",""
"탐식 피해량 감소","暴食傷害弱化",""
"탐식 피해량 증가","暴食傷害強化",""
"탐정","偵探",""
"탐정님","偵探大人",""
"턴","回合",""
"턴 동안","n回合內",""
"턴 시작 시","回合開始時",""
"턴 종료","回合結束",""
"턴 종료 시","回合結束時",""
"텅 빈 징표","空虛的標記",""
"테라","泰拉",""
"테르조","三級",""
"테마팩","主題卡包",""
"토끼팀","兔子隊",""
"톱니 광신도","齒輪狂信徒",""
"톱니 신도","齒輪信徒",""
"톱니교단","齒輪教團",""
"톱니교단 신도","齒輪教團信徒",""
"톱니바퀴 태엽","齒輪發條",""
"통제실","控制室",""
"통찰","洞察",""
"투영도","投影度",""
"트라우마 방지장","精神屏蔽力場",""
"트레스 협회","Tres協會",""
"특대형 액체 연료통","特大型液態燃料罐",""
"특별 강의실","特殊教室",""
"특별 수사관 배지","特別搜查官徽章",""
"특별작전과","特種作戰科",""
"특색","特色",""
"특수 작전팀","特別作戰小組",""
"특이점","奇點",""
"특정 스킬","特定技能",""
"특정 추출","定向提取",""
"티비아","提比婭",""
"티비아에","提比婭",""
"티켓","券券",""
"티파니","Tiffany",""
"티페리트","Tiphereth",""
"팀","隊",""
"팀장","隊長/組長",""
"파도","浪潮",""
"파도의 만가","湧潮悲歌",""
"파로 무에르토","法洛·穆爾托",""
"파문","漣漪",""
"파비","費比",""
"파비우스","費邊",""
"파시아","法西婭",""
"파열","破裂",""
"파열 보호","破裂守護",""
"파열 취약","破裂易損",""
"파우","小浮",""
"파우스트","浮士德",""
"파일럿","皮利托",""
"파탄","破滅",""
"판단 거부","拒絕判斷",""
"판단을 멈춘 집행","黑白不分的執行",""
"판매","售賣",""
"판정 성공 시","判定成功時",""
"판정 진행 시","進行xxxx優勢判定",""
"판타지 블러드 슈팅","夢幻血獵",""
"팔레르모","巴勒莫（拇指劍術）",""
"패닉","恐慌",""
"패스","通行證",""
"패키지","組合包",""
"팽창하는 슬픔","愈加膨脹的哀傷",""
"페데리코","費德里科",""
"편광","偏振光",""
"편성","編隊",""
"편성 대여","編隊租借",""
"편성 코드","編隊碼",""
"평생 스튜","一生燉菜",""
"평안주거지원소","平安住宅保障處",""
"평행중첩","平行疊加",""
"포식","捕食",""
"포탈","傳送門",""
"포획","捕獲",""
"포효","咆哮",""
"폭풍의 거울","呼嘯之鏡",""
"폴라","葆拉",""
"표범","豹",""
"표식","標識",""
"표적","標記",""
"표지","印記",""
"푸른잔향","蒼藍殘響",""
"프리모","一級",""
"플루드니차","波魯德尼察",""
"피뢰침","避雷針",""
"피어남의 대가","開花的代價",""
"피에 절은 검집","染血劍鞘",""
"피에르","皮埃爾",""
"피주머니","血袋(間章名詞)/血囊(BUFF譯名)",""
"피쿼드타운","裴廓德鎮",""
"피쿼드호","裴廓德號",""
"피쿼드호주민","裴廓德號居民",""
"피해량 감소","傷害弱化",""
"피해량 증가","傷害強化",""
"피해량이 80%만큼 감소하고 이 스킬의 피해로 대상이 흐트러지지 않음","使本技能造成的傷害-80%，且本技能造成的傷害不會使目標陷入混亂",""
"피해를 입힐 경우","造成傷害時",""
"필두","魁首（首領）",""
"핍","比普",""
"핍의 자아","比普的自我",""
"핏빛 가위날","染血的剪刃",""
"핏빛 밤","血紅之夜",""
"핏빛욕망","血欲",""
"하나 협회","하나協會",""
"하얀 달의 기사","白月騎士",""
"하얗게 태워버렸군","只余灰燼",""
"하융","河戎",""
"하인","下人（仆人、傭人）",""
"하인리히","海因里希",""
"한 서린 검집","怨恨劍鞘",""
"한 턴 동안","一回合內",""
"한겨울 밤의 악몽","仲冬夜之噩夢",""
"한울","韓蔚",""
"할머니","奶奶/老太太/老太君",""
"할버드","長柄斧",""
"할아버지","爺爺",""
"합","拼點",""
"합 승리 시","拼點勝利時",""
"합 위력","拼點威力",""
"합 위력 감소","拼點威力降低",""
"합 위력 증가","拼點威力提升",""
"합성","合成",""
"항아리","甕（罐，缸，壇子）",""
"항쟁","爭鬥",""
"항해사","領航員 / 船副",""
"해.바","骷・頭",""
"해결사","收尾人",""
"해금","解放",""
"해소되지 않은 슬픔","尚未釋懷的哀傷",""
"해안의 폭주자","殼海狂奔者",""
"해적단","海盜團",""
"해진","破損的",""
"해진 우산","破損的雨傘",""
"햄햄팡팡","火腿嘭嘭",""
"행동 불가","無法行動",""
"행복해진 닭","幸福的雞",""
"행진","遊行",""
"허버트","赫伯特",""
"헌티드 블러디 메리","鬼屋·血腥瑪麗",""
"헤르만","赫爾曼",""
"헤메이는 자","彷徨之人",""
"헤세드","Chesed",""
"헬라포이세스","海拉創生",""
"헬스 치킨","地獄雞",""
"현상 복구","現狀還原",""
"현장 추리","現場推理",""
"현장 추리 팀장","現場推理隊長",""
"혈귀","血魔",""
"혈귀 사냥꾼","血魔獵人",""
"혈액바","血棒",""
"혈액팩","血包",""
"혈찬","血宴",""
"협회","協會",""
"형광등 파편","熒光燈碎片",""
"형광색 램프","熒光燈",""
"형님","大哥",""
"형님의 시험","大哥的試煉",""
"호!호!호!","謔！謔！謔！",""
"호드","Hod",""
"호수의 거울","湖之鏡",""
"호엔하임","霍恩海姆",""
"호위","侍衛",""
"호위무사","護衛武士 / 侍衛",""
"호프치킨","炸雞酒吧",""
"호흡","呼吸法",""
"혼잡","擁堵",""
"홀","大廳",""
"홉킨스","霍普金斯",""
"홍루","鴻璐",""
"홍염나방","紅焰蛾",""
"홍원","鴻園",""
"홍원생명공학그룹","鴻園生命工程集團",""
"홍원의 가주","鴻園的家主",""
"홍원의 뜻","鴻園之意",""
"홍적","朱符",""
"화난도도루","憤怒多多魯",""
"화상","燒傷",""
"화상 저항","燒傷抗性",""
"환","丸",""
"환상 해석","異想解析",""
"환상체","異想體",""
"환상해석","異想解析",""
"환호 속 숨통 끊기","鬥殺於喝彩之中",""
"황금가지","金枝",""
"황금기","黃金時代",""
"황금빛","光輝",""
"황금빛의 사과","金蘋果",""
"회모","思慕",""
"회복","恢覆",""
"회절","衍射",""
"회중시계","懷表",""
"회중시계 묶음","成捆懷表",""
"회피","閃避",""
"획득 기록 없음","暫無獲取記錄",""
"횟수","使自身獲得n層XX /對目標施加n層XX /層數/使？增加n級XX 強度並施加n層XX 。",""
"효과가 강화되어","則改為",""
"후련함","安心",""
"후보","候選人",""
"후크","虎克",""
"후후","呼呼",""
"휴고","雨果",""
"휴대용","便攜式",""
"휴버트","休伯特",""
"휴식 보너스","休息獎勵",""
"흉탄","兇彈",""
"흉탄의 사수","兇彈射手",""
"흐드러지는 마음","盛開的內心",""
"흐름","流向",""
"흐트러진 마음","混亂不安的心靈",""
"흐트러질 시 대사","自身混亂",""
"흐트러짐","混亂",""
"흐트러짐 구간","混亂閾值",""
"흐트러짐 구간 상승","混亂閾值前移",""
"흐트러짐 구간 하락","混亂閾值後移",""
"흐트러짐 손상","（使目標）混亂閾值前移XX",""
"흑단여왕의 사과","黑檀女王的蘋果",""
"흑수","黑獸",""
"흑수 - 미","黑獸 - 未",""
"흑수 - 사","黑獸 - 巳",""
"흑수 - 유","黑獸 - 酉",""
"흑수-묘","黑獸 - 卯",""
"흑염","黑焰",""
"흑운회","黑雲會",""
"흑운회 조직원","黑雲會成員",""
"흡수하여","吸收",""
"흥분","狂熱",""
"흩날리는 불꽃","火星飛散",""
"흩어지는 꽃잎","落英繽紛",""
"흰 목화","白棉花",""
"히스","希斯/石南",""
"히스클리프","希斯克利夫",""
"힌들리","亨德利",""
